block,cluster,parallel_rear_score,parallel_rear_unique_innovation_count,parallel_rear_all_innovations_count
153,0,0.00297254,1,3
146,1,0.0015231799999999998,1,2
144,1,0.0015231799999999998,1,2
42,2,0.0014762499999999997,1,2
155,0,0.00099555,1,2
154,0,0.00099555,1,2
111,3,0.00099555,1,2
156,0,0.0008594,1,2
66,2,0.0008594,1,2
65,2,0.0008594,1,2
64,2,0.0008594,1,2
63,2,0.0008594,1,2
130,4,0.00071769,1,2
145,5,0.00015551,1,2
