block,cluster,parallel_rear_score,parallel_rear_unique_innovation_count,parallel_rear_all_innovations_count
123,0,0.0015231799999999998,1,2
38,1,0.0014762499999999997,1,2
129,2,0.00099555,1,2
99,3,0.00099555,1,2
58,4,0.0008594,1,2
57,4,0.0008594,1,2
56,4,0.0008594,1,2
115,5,0.00071769,1,2
124,6,0.00015551,1,2
